-- DLM
-- INSERT AND UPDATE
-- INSERIR E ATUALIZAR

--Utilizar banco
USE AUTOPARTS;

-- Inserindo 50 clientes com todas as informacoes da tabela
INSERT INTO CUSTOMER (C_NAME, DOCUMENT, PHONE, DATE_BIRTH, SEX, CREATED_AT, EMAIL_C) VALUES
('Lucas Andrade', '12345678901', '(11)91234-5678', '1998-03-12', 'M', GETDATE(), 'lucas.andrade@email.com'),
('Mariana Souza', '98765432100', '(21)99876-5432', '1995-11-05', 'F', GETDATE(), 'mariana.souza@email.com'),
('Carlos Pereira', '32165498700', '(31)98877-1122', '1989-07-23', 'M', GETDATE(), 'carlos.pereira@email.com'),
('Ana Beatriz Lima', '15975348620', '(11)91122-3344', '2000-01-09', 'F', GETDATE(), 'ana.lima@email.com'),
('Gustavo Silva', '25836914700', '(41)99911-2255', '1992-12-02', 'M', GETDATE(), 'gustavo.silva@email.com'),
('Isabela Santos', '14725836900', '(61)98877-9900', '1999-04-19', 'F', GETDATE(), 'isabela.santos@email.com'),
('Pedro Almeida', '96385274100', '(71)97766-5544', '1994-08-28', 'M', GETDATE(), 'pedro.almeida@email.com'),
('Camila Ferreira', '85296374100', '(51)96655-4433', '1997-02-11', 'F', GETDATE(), 'camila.ferreira@email.com'),
('João Victor Costa', '75395185200', '(85)95544-3322', '2001-05-14', 'M', GETDATE(), 'joaovictor.costa@email.com'),
('Laura Oliveira', '95135745600', '(62)94433-2211', '1996-10-07', 'F', GETDATE(), 'laura.oliveira@email.com'),
('Thiago Martins', '15948726300', '(31)91100-2233', '1993-03-30', 'M', GETDATE(), 'thiago.martins@email.com'),
('Juliana Gomes', '25874136900', '(11)93344-5566', '1990-06-21', 'F', GETDATE(), 'juliana.gomes@email.com'),
('Felipe Rocha', '35795145600', '(19)98833-2211', '1998-09-17', 'M', GETDATE(), 'felipe.rocha@email.com'),
('Beatriz Nogueira', '45685214700', '(27)97722-3344', '2002-02-25', 'F', GETDATE(), 'beatriz.nogueira@email.com'),
('Matheus Carvalho', '65478932100', '(13)95511-6677', '1995-07-04', 'M', GETDATE(), 'matheus.carvalho@email.com'),
('Carolina Mendes', '78945612300', '(81)94488-1122', '1997-11-16', 'F', GETDATE(), 'carolina.mendes@email.com'),
('Vinicius Barros', '85214796300', '(31)93322-1100', '1994-03-09', 'M', GETDATE(), 'vinicius.barros@email.com'),
('Fernanda Azevedo', '96325874100', '(71)92233-4455', '1996-08-28', 'F', GETDATE(), 'fernanda.azevedo@email.com'),
('André Ribeiro', '74185296300', '(91)98822-6677', '1993-12-12', 'M', GETDATE(), 'andre.ribeiro@email.com'),
('Patrícia Borges', '14796325800', '(67)97744-8899', '1999-01-23', 'F', GETDATE(), 'patricia.borges@email.com'),
('Ricardo Lima', '32198765400', '(21)99955-1133', '1991-04-04', 'M', GETDATE(), 'ricardo.lima@email.com'),
('Amanda Duarte', '95125845600', '(41)98866-5577', '1997-09-19', 'F', GETDATE(), 'amanda.duarte@email.com'),
('Daniel Castro', '85274196300', '(11)97700-2233', '1992-06-02', 'M', GETDATE(), 'daniel.castro@email.com'),
('Sabrina Farias', '15935748600', '(27)98855-6677', '2000-07-14', 'F', GETDATE(), 'sabrina.farias@email.com'),
('Eduardo Teixeira', '75348695100', '(31)97788-9900', '1995-10-29', 'M', GETDATE(), 'eduardo.teixeira@email.com'),
('Bianca Moura', '45612378900', '(51)98844-2211', '1998-05-07', 'F', GETDATE(), 'bianca.moura@email.com'),
('Caio Vasconcelos', '98715975300', '(13)97722-4433', '1993-08-20', 'M', GETDATE(), 'caio.vasconcelos@email.com'),
('Gabriela Lopes', '95165475300', '(62)96688-1122', '1999-11-11', 'F', GETDATE(), 'gabriela.lopes@email.com'),
('Rodrigo Pires', '78995165400', '(91)98822-3344', '1994-03-01', 'M', GETDATE(), 'rodrigo.pires@email.com'),
('Larissa Campos', '95135715900', '(81)97733-5566', '2001-12-27', 'F', GETDATE(), 'larissa.campos@email.com'),
('Rafael Nunes', '25896314700', '(85)95566-7788', '1990-10-17', 'M', GETDATE(), 'rafael.nunes@email.com'),
('Juliana Reis', '65425814700', '(21)98899-0011', '1995-06-08', 'F', GETDATE(), 'juliana.reis@email.com'),
('Lucas Barroso', '35715925800', '(11)97777-3344', '1997-09-15', 'M', GETDATE(), 'lucas.barroso@email.com'),
('Bruna Cardoso', '75325845600', '(41)96644-7788', '1998-02-22', 'F', GETDATE(), 'bruna.cardoso@email.com'),
('Guilherme Alves', '95185265400', '(19)98822-6655', '1994-05-09', 'M', GETDATE(), 'guilherme.alves@email.com'),
('Letícia Fonseca', '14736925800', '(71)99955-7788', '1999-03-28', 'F', GETDATE(), 'leticia.fonseca@email.com'),
('Murilo Antunes', '85214725800', '(31)97711-3344', '1996-01-01', 'M', GETDATE(), 'murilo.antunes@email.com'),
('Tatiane Ramos', '95125814700', '(62)98855-6677', '1993-09-10', 'F', GETDATE(), 'tatiane.ramos@email.com'),
('Henrique Monteiro', '78965412300', '(21)97700-4455', '1992-07-21', 'M', GETDATE(), 'henrique.monteiro@email.com'),
('Rafaela Costa', '15925836900', '(11)98833-5566', '1995-02-14', 'F', GETDATE(), 'rafaela.costa@email.com'),
('Fernando Brito', '32165495100', '(27)97788-9900', '1998-10-03', 'M', GETDATE(), 'fernando.brito@email.com'),
('Aline Matos', '95178965400', '(13)95522-6677', '1996-12-30', 'F', GETDATE(), 'aline.matos@email.com'),
('Ricardo Pacheco', '74185214700', '(91)97788-2233', '1991-11-26', 'M', GETDATE(), 'ricardo.pacheco@email.com'),
('Cíntia Barbosa', '96325814700', '(31)96677-8899', '1997-01-09', 'F', GETDATE(), 'cintia.barbosa@email.com'),
('Igor Fernandes', '25895135700', '(41)98844-3322', '1994-08-11', 'M', GETDATE(), 'igor.fernandes@email.com'),
('Paula Correia', '95175345600', '(21)97766-5544', '1999-05-05', 'F', GETDATE(), 'paula.correia@email.com'),
('Leonardo Prado', '35785215900', '(81)98877-6655', '1992-04-18', 'M', GETDATE(), 'leonardo.prado@email.com'),
('Vanessa Dias', '65495135700', '(19)97722-5566', '1998-07-24', 'F', GETDATE(), 'vanessa.dias@email.com'),
('Eduarda Ribeiro', '95145685200', '(85)98899-2233', '1997-06-13', 'F', GETDATE(), 'eduarda.ribeiro@email.com'),
('Rodrigo Moraes', '75395165400', '(31)95566-7788', '1995-11-02', 'M', GETDATE(), 'rodrigo.moraes@email.com'),
('Isadora Peixoto', '85214795100', '(62)98822-4433', '1994-09-12', 'F', GETDATE(), 'isadora.peixoto@email.com'),
('Thiago Moreira', '95135785200', '(71)97733-5566', '1993-03-31', 'M', GETDATE(), 'thiago.moreira@email.com');

INSERT INTO C_ADDRESS (ID_CUSTOMER, ZIP_CODE, CODE_HOUSE, CITY, C_STATE) VALUES
(1, 11025001, 101, 'São Paulo', 'SP'),
(2, 20040002, 202, 'Rio de Janeiro', 'RJ'),
(3, 30130010, 303, 'Belo Horizonte', 'MG'),
(4, 69005020, 404, 'Manaus', 'AM'),
(5, 80010000, 505, 'Curitiba', 'PR'),
(6, 70040901, 606, 'Brasília', 'DF'),
(7, 40015010, 707, 'Salvador', 'BA'),
(8, 90010020, 808, 'Porto Alegre', 'RS'),
(9, 60115010, 909, 'Fortaleza', 'CE'),
(10, 74003010, 110, 'Goiânia', 'GO'),
(11, 78020010, 220, 'Cuiabá', 'MT'),
(12, 79002020, 330, 'Campo Grande', 'MS'),
(13, 58010020, 440, 'João Pessoa', 'PB'),
(14, 66033005, 550, 'Belém', 'PA'),
(15, 50020001, 660, 'Recife', 'PE'),
(16, 59010005, 770, 'Natal', 'RN'),
(17, 68900015, 880, 'Macapá', 'AP'),
(18, 57020015, 990, 'Maceió', 'AL'),
(19, 88015000, 111, 'Florianópolis', 'SC'),
(20, 72000010, 222, 'Brasília', 'DF'),
(21, 85010010, 333, 'Guarapuava', 'PR'),
(22, 88045010, 444, 'Florianópolis', 'SC'),
(23, 69980010, 555, 'Cruzeiro do Sul', 'AC'),
(24, 65020020, 666, 'São Luís', 'MA'),
(25, 44001000, 777, 'Feira de Santana', 'BA'),
(26, 38010020, 888, 'Uberaba', 'MG'),
(27, 38400010, 999, 'Uberlândia', 'MG'),
(28, 45960012, 121, 'Teixeira de Freitas', 'BA'),
(29, 56002001, 232, 'Petrolina', 'PE'),
(30, 64015020, 343, 'Teresina', 'PI'),
(31, 97015010, 454, 'Santa Maria', 'RS'),
(32, 91530010, 565, 'Porto Alegre', 'RS'),
(33, 69301012, 676, 'Boa Vista', 'RR'),
(34, 69315014, 787, 'Boa Vista', 'RR'),
(35, 59140010, 898, 'Parnamirim', 'RN'),
(36, 76801010, 909, 'Porto Velho', 'RO'),
(37, 69912010, 112, 'Rio Branco', 'AC'),
(38, 88062000, 223, 'Florianópolis', 'SC'),
(39, 69970010, 334, 'Brasiléia', 'AC'),
(40, 69945010, 445, 'Tarauacá', 'AC'),
(41, 69990010, 556, 'Sena Madureira', 'AC'),
(42, 89201000, 667, 'Joinville', 'SC'),
(43, 89801020, 778, 'Chapecó', 'SC'),
(44, 79040012, 889, 'Campo Grande', 'MS'),
(45, 69914012, 990, 'Rio Branco', 'AC'),
(46, 88130000, 113, 'São José', 'SC'),
(47, 69995000, 224, 'Plácido de Castro', 'AC'),
(48, 69980015, 335, 'Cruzeiro do Sul', 'AC'),
(49, 69985000, 446, 'Acrelândia', 'AC'),
(50, 69920010, 557, 'Bujari', 'AC'),
(51, 69926000, 668, 'Xapuri', 'AC');

INSERT INTO SELLER (NAME_SELLER, PHONE, SEX, TYPE_SELLER, EMAIL, DATE_BIRTH, STATUS_SELLER, DOCUMENT)
VALUES
('Marcos Silva', '11987654321', 'M', 'A', 'marcos.silva@sales.com', '1990-03-12', 'A', '123.456.789-01'),
('Ana Pereira', '11976543210', 'F', 'A', 'ana.pereira@sales.com', '1994-08-20', 'A', '234.567.890-12'),
('Carlos Alberto', '11999887766', 'M', 'A', 'carlos.alberto@sales.com', '1987-11-05', 'A', '345.678.901-23'),
('Fernanda Costa', '11988776655', 'F', 'A', 'fernanda.costa@sales.com', '1995-04-10', 'A', '456.789.012-34'),
('João Mendes', '11966554433', 'M', 'A', 'joao.mendes@sales.com', '1989-09-18', 'A', '567.890.123-45'),
('Camila Rocha', '11955667788', 'F', 'A', 'camila.rocha@sales.com', '1993-02-14', 'A', '678.901.234-56'),
('Ricardo Lima', '11944556677', 'M', 'A', 'ricardo.lima@sales.com', '1986-06-22', 'A', '789.012.345-67'),
('Juliana Alves', '11933445566', 'F', 'A', 'juliana.alves@sales.com', '1992-12-01', 'A', '890.123.456-78'),
('Paulo Henrique', '11922334455', 'M', 'A', 'paulo.henrique@sales.com', '1988-10-09', 'A', '901.234.567-89'),
('Beatriz Martins', '11911223344', 'F', 'A', 'beatriz.martins@sales.com', '1996-03-25', 'A', '012.345.678-90'),
('Lucas Ferreira', '11987650123', 'M', 'A', 'lucas.ferreira@sales.com', '1991-07-11', 'A', '111.222.333-44'),
('Patrícia Souza', '11976540123', 'F', 'A', 'patricia.souza@sales.com', '1993-09-07', 'A', '222.333.444-55'),
('Renato Moreira', '11995443322', 'M', 'A', 'renato.moreira@sales.com', '1985-01-16', 'A', '333.444.555-66'),
('Letícia Ramos', '11984432211', 'F', 'A', 'leticia.ramos@sales.com', '1997-05-19', 'A', '444.555.666-77'),
('Tiago Nunes', '11973321100', 'M', 'A', 'tiago.nunes@sales.com', '1990-12-28', 'A', '555.666.777-88'),
('Mariana Duarte', '11962210099', 'F', 'A', 'mariana.duarte@sales.com', '1994-06-02', 'A', '666.777.888-99'),
('André Santos', '11951100988', 'M', 'A', 'andre.santos@sales.com', '1988-08-13', 'A', '777.888.999-00'),
('Carla Barros', '11940099887', 'F', 'A', 'carla.barros@sales.com', '1992-02-09', 'A', '888.999.000-11'),
('Eduardo Azevedo', '11930998776', 'M', 'A', 'eduardo.azevedo@sales.com', '1987-04-30', 'A', '999.000.111-22'),
('Renata Ribeiro', '11920897665', 'F', 'A', 'renata.ribeiro@sales.com', '1995-11-03', 'A', '000.111.222-33'),
('Fábio Teixeira', '11910796554', 'M', 'A', 'fabio.teixeira@sales.com', '1986-05-15', 'A', '111.222.333-21'),
('Daniela Gomes', '11999911223', 'F', 'A', 'daniela.gomes@sales.com', '1993-10-27', 'A', '222.333.444-22'),
('Rafael Oliveira', '11988822134', 'M', 'A', 'rafael.oliveira@sales.com', '1990-01-08', 'A', '333.444.555-33'),
('Bianca Torres', '11977733245', 'F', 'A', 'bianca.torres@sales.com', '1996-04-29', 'A', '444.555.666-44'),
('Samuel Batista', '11966644356', 'M', 'A', 'samuel.batista@sales.com', '1989-06-17', 'A', '555.666.777-55'),
('Isabela Cunha', '11955555467', 'F', 'A', 'isabela.cunha@sales.com', '1994-09-11', 'A', '666.777.888-66'),
('Diego Rezende', '11944466578', 'M', 'A', 'diego.rezende@sales.com', '1988-12-04', 'A', '777.888.999-77');

INSERT INTO CATEGORY (NAME_CATEGORY, STATUS) 
VALUES
('Motor','A'),
('Suspensão','A'),
('Freios','A'),
('Transmissão','A'),
('Embreagem','A'),
('Arrefecimento','A'),
('Ignição','A'),
('Escapamento','A'),
('Elétrica','A'),
('Iluminação','A'),
('Direção','A'),
('Filtros','A'),
('Correias','A'),
('Óleos e Lubrificantes','A'),
('Rodas e Pneus','A'),
('Vidros','A'),
('Lataria','A'),
('Interno','A'),
('Externo','A'),
('Acessórios','A'),
('Ferramentas','A'),
('Injeção Eletrônica','A'),
('Ar-Condicionado','A'),
('Bateria','A'),
('Sensor','A'),
('Câmbio','A'),
('Turbo','A'),
('Embreagem Hidráulica','A'),
('Junta e Vedação','A'),
('Faróis','A'),
('Lanternas','A'),
('Painel','A'),
('Airbag','A'),
('Bomba de Combustível','A'),
('Radiador','A'),
('Amortecedores','A'),
('Pastilhas de Freio','A'),
('Discos de Freio','A'),
('Alinhamento','A'),
('Kit Motor','A'),
('Carregadores','A'),
('Escovas de Limpa-Vidros','A'),
('Mangueiras','A'),
('Componentes Plásticos','A'),
('Parachoques','A'),
('Retrovisores','A'),
('Volantes','A'),
('Tapetes','A'),
('Engates e Reboque','A'),
('Alarmes', 'A'),
('Cintos de Segurança','A');

INSERT INTO PRODUCTS 
(ID_CATEGORY, NAME_PRODUCTS, HEIGHT_PRODUCTS, WIDTH_PRODUCTS, WEIGHT_PRODUCTS, PRICE_PRODUCTS, CATEGORY, STOCK, STATUS)
VALUES
(1, 'Kit Junta do Motor Completo', 12.5, 20.3, 1.20, 890, 'Motor', 25, 'A'),
(2, 'Amortecedor Dianteiro Fiat Argo', 45.0, 8.0, 3.40, 350, 'Suspensão', 18, 'A'),
(3, 'Pastilha de Freio Cerâmica Honda Civic', 4.0, 10.0, 0.60, 190, 'Freios', 40, 'A'),
(4, 'Kit Embreagem Gol G5 1.6', 12.0, 28.0, 4.10, 780, 'Transmissão', 22, 'A'),
(5, 'Cabo de Embreagem Corolla', 6.4, 18.2, 0.90, 120, 'Embreagem', 55, 'A'),
(6, 'Radiador de Água Uno Mille', 55.2, 40.1, 3.80, 410, 'Arrefecimento', 30, 'A'),
(7, 'Bobina de Ignição Onix 1.0', 10.5, 9.2, 0.75, 260, 'Ignição', 27, 'A'),
(8, 'Silencioso Traseiro Palio', 70.0, 35.0, 6.50, 520, 'Escapamento', 14, 'A'),
(9, 'Alternador Ka 1.0', 20.0, 18.0, 4.30, 980, 'Elétrica', 11, 'A'),
(10, 'Farol Dianteiro LED HB20', 25.0, 40.0, 2.10, 760, 'Iluminação', 19, 'A'),
(11, 'Caixa de Direção Hidráulica Corsa', 30.0, 22.0, 5.80, 1100, 'Direção', 13, 'A'),
(12, 'Filtro de Ar Corolla 2.0', 5.0, 18.0, 0.30, 50, 'Filtros', 100, 'A'),
(13, 'Correia Dentada Sandero 1.6', 2.0, 15.0, 0.20, 80, 'Correias', 85, 'A'),
(14, 'Óleo 5W30 Sintético 1L', 20.0, 8.0, 1.00, 55, 'Lubrificantes', 140, 'A'),
(15, 'Pneu Aro 15 Michelin Energy', 65.0, 65.0, 7.20, 420, 'Rodas e Pneus', 32, 'A'),
(16, 'Vidro Dianteiro Prisma', 90.0, 125.0, 12.5, 1400, 'Vidros', 8, 'A'),
(17, 'Para-lama Dianteiro Gol G6', 80.0, 40.0, 5.50, 350, 'Lataria', 9, 'A'),
(18, 'Kit Painel Interno Sandero', 55.0, 60.0, 9.00, 2000, 'Interno', 5, 'A'),
(19, 'Friso Lateral Onix', 8.0, 90.0, 1.20, 90, 'Externo', 60, 'A'),
(20, 'Sensor de Ré Universal', 4.5, 15.0, 0.50, 70, 'Acessórios', 70, 'A'),
(21, 'Jogo de Chaves Mecânicas 24pçs', 18.0, 30.0, 4.40, 150, 'Ferramentas', 20, 'A'),
(22, 'Bico Injetor Palio 1.0', 4.0, 3.0, 0.15, 110, 'Injeção Eletrônica', 33, 'A'),
(23, 'Compressor de Ar-Condicionado Civic', 25.0, 18.0, 5.20, 1600, 'Ar-Condicionado', 12, 'A'),
(24, 'Bateria Moura 60Ah', 22.0, 30.0, 15.0, 480, 'Bateria', 17, 'A'),
(25, 'Sensor ABS Traseiro Fox', 6.0, 5.0, 0.25, 85, 'Sensores', 44, 'A'),
(26, 'Kit Câmbio Automático Fiesta', 20.0, 25.0, 7.10, 3400, 'Câmbio', 4, 'A'),
(27, 'Kit Turbo Universal', 30.0, 35.0, 8.80, 3900, 'Turbo', 3, 'A'),
(28, 'Cilindro Mestre Embreagem Saveiro', 12.0, 8.0, 0.95, 180, 'Embreagem Hidráulica', 24, 'A'),
(29, 'Jogo de Juntas Motor AP', 8.0, 22.0, 1.80, 250, 'Juntas', 45, 'A'),
(30, 'Farol Milha Sandero', 15.0, 25.0, 1.50, 220, 'Faróis', 28, 'A'),
(31, 'Lanterna Traseira Strada', 20.0, 35.0, 1.70, 260, 'Lanternas', 31, 'A'),
(32, 'Painel Completo Fox', 60.0, 80.0, 14.0, 2500, 'Painel', 6, 'A'),
(33, 'Módulo de Airbag Onix', 12.0, 14.0, 0.80, 980, 'Airbag', 10, 'A'),
(34, 'Bomba de Combustível HB20', 14.0, 10.0, 0.60, 350, 'Combustível', 29, 'A'),
(35, 'Radiador Arrefecimento Focus', 70.0, 50.0, 4.20, 950, 'Radiador', 8, 'A'),
(36, 'Amortecedor Traseiro Onix', 45.0, 8.0, 3.10, 330, 'Amortecedores', 22, 'A'),
(37, 'Disco de Freio Ventilado Corolla', 5.0, 28.0, 3.30, 310, 'Discos', 40, 'A'),
(38, 'Kit Alinhamento Completo', 20.0, 25.0, 2.60, 200, 'Alinhamento', 25, 'A'),
(39, 'Kit Motor 1.6 Bloco + Pistões', 40.0, 35.0, 28.0, 3500, 'Kit Motor', 3, 'A'),
(40, 'Carregador Inteligente de Bateria', 18.0, 12.0, 1.10, 180, 'Carregadores', 14, 'A'),
(41, 'Escova Limpa Vidro Universal', 2.0, 30.0, 0.25, 25, 'Limpa Vidros', 90, 'A'),
(42, 'Mangueira Arrefecimento Gol G4', 6.0, 20.0, 0.45, 55, 'Mangueiras', 70, 'A'),
(43, 'Grade Dianteira HB20', 40.0, 60.0, 3.50, 280, 'Componentes Plásticos', 15, 'A'),
(44, 'Parachoque Dianteiro Palio', 90.0, 40.0, 8.20, 650, 'Parachoques', 7, 'A'),
(45, 'Retrovisor Elétrico Onix', 16.0, 25.0, 1.40, 350, 'Retrovisores', 20, 'A'),
(46, 'Volante Esportivo Universal', 12.0, 35.0, 2.50, 420, 'Volantes', 18, 'A'),
(47, 'Tapete Automotivo Premium', 4.0, 70.0, 2.20, 110, 'Tapetes', 50, 'A'),
(48, 'Engate Reboque Strada', 22.0, 45.0, 11.0, 680, 'Reboque', 9, 'A'),
(49, 'Alarme Automotivo Positron', 6.0, 14.0, 0.60, 260, 'Alarmes', 33, 'A'),
(50, 'Cinto de Segurança Universal', 5.0, 25.0, 0.80, 95, 'Segurança', 60, 'A'),
(51, 'Kit Multimídia Android Auto', 7.0, 18.0, 0.85, 1400, 'Multimídia', 12, 'A');

INSERT INTO SUPPLIER (ID_PRODUCTS, NAME_SUPPLIER, PHONE, EMAIL, CNPJ, ADDRESS_SUP, STATUS) VALUES
(1,'Comercial Andrade','11987654321','contato@andrade.com','12.345.678/0001-90','Rua das Flores, 120','A'),
(2,'Distribuidora Moura','11988776655','vendas@moura.com','98.765.432/0001-01','Av. Paulista, 455','A'),
(3,'Fornecedor Lima','11977889944','suporte@lima.com','11.222.333/0001-22','Rua Goiás, 85','A'),
(4,'Almeida Distribuições','11955443322','almeida@distrib.com','55.666.777/0001-44','Rua Vitória, 50','A'),
(5,'Ribeiro Fornecimentos','11944332211','ribeiro@suply.com','66.333.222/0001-55','Av. Brasil, 1020','A'),
(6,'Martins & Cia','11998775544','contato@martinscia.com','77.888.999/0001-66','Rua Central, 200','A'),
(7,'Pereira Partners','11999887766','info@pereirapartner.com','88.555.111/0001-77','Rua Verde, 77','A'),
(8,'Logística Nova Era','11990998877','novaera@log.com','11.999.888/0001-88','Av. Liberdade, 910','A'),
(9,'Castro Importações','11999886655','contato@castroimports.com','33.444.555/0001-12','Rua Santo André, 33','A'),
(10,'Fabrin Distribuidora','11988774455','vendas@fabrin.com','44.222.333/0001-21','Rua Horizonte, 290','A'),
(11,'Global Supply Co','11977668855','global@supplyco.com','99.111.222/0001-02','Rua Europa, 12','A'),
(12,'Mega Fornecedores','11966557788','contato@megaforn.com','12.908.556/0001-11','Rua Paraná, 101','A'),
(13,'Comercial Ventura','11955446633','vendas@ventura.com','76.543.210/0001-10','Rua da Serra, 87','A'),
(14,'Premium Distribuição','11999885544','suporte@premiumdist.com','45.666.333/0001-20','Rua da Luz, 909','A'),
(15,'Delgado Suprimentos','11988779955','contato@delgado.com','54.321.789/0001-01','Rua Amazonas, 412','A'),
(16,'Aguiar Supply','11977669988','vendas@aguiarsupply.com','81.222.444/0001-30','Rua da União, 61','A'),
(17,'Nobre Varejo','11966558877','nobre@varejo.com','72.444.321/0001-09','Rua Cristal, 70','A'),
(18,'Fornasa Distribuidora','11955447722','comercial@fornasa.com','93.888.111/0001-90','Rua Morros, 15','A'),
(19,'Infinity Suppliers','11944335566','info@infinitysup.com','55.112.890/0001-44','Rua Atlântica, 955','A'),
(20,'Elite Fornecimentos','11933224455','elite@fornec.com','32.909.222/0001-55','Rua Palmeiras, 122','A'),
(21,'Catarino Supply','11922113344','catarino@supply.com','09.222.555/0001-66','Rua Cedro, 491','A'),
(22,'Fast Distribuição','11911998877','fast@dist.com','44.981.220/0001-33','Rua Pioneiros, 44','A'),
(23,'Delta Comercial','11988776644','delta@comercial.com','67.543.998/0001-12','Rua São Paulo, 820','A'),
(24,'Fox Fornecedores','11999884466','fox@fornec.com','10.555.444/0001-90','Rua Beira Rio, 10','A');

INSERT INTO ORDERS (ID_CUSTOMER, ID_SELLER, ID_PRODUCTS, NAME_PRODUCTS, AMOUNT_PRODUCTS, TOTAL, STATUS) VALUES
(5, 3, 12, 'Filtro de Ar Corolla 2.0', 2, 100, 'AP'),
(8, 1, 27, 'Kit Turbo Universal', 1, 3900, 'PE'),
(14, 6, 3, 'Pastilha de Freio Cerâmica Honda Civic', 3, 570, 'AP'),
(2, 4, 45, 'Retrovisor Elétrico Onix', 1, 350, 'AP'),
(19, 2, 7, 'Bobina de Ignição Onix 1.0', 2, 520, 'PE'),
(22, 9, 33, 'Módulo de Airbag Onix', 1, 980, 'AP'),
(11, 5, 9, 'Alternador Ka 1.0', 1, 980, 'CA'),
(29, 7, 15, 'Pneu Aro 15 Michelin Energy', 4, 1680, 'AP'),
(3, 2, 1, 'Kit Junta do Motor Completo', 1, 890, 'PE'),
(7, 8, 24, 'Bateria Moura 60Ah', 2, 960, 'AP'),
(16, 1, 10, 'Farol Dianteiro LED HB20', 1, 760, 'AP'),
(28, 3, 13, 'Correia Dentada Sandero 1.6', 5, 400, 'PE'),
(6, 2, 38, 'Kit Alinhamento Completo', 1, 200, 'AP'),
(20, 9, 5, 'Cabo de Embreagem Corolla', 3, 360, 'AP'),
(9, 4, 17, 'Para-lama Dianteiro Gol G6', 1, 350, 'CA'),
(15, 3, 49, 'Alarme Automotivo Positron', 1, 260, 'AP'),
(1, 2, 22, 'Bico Injetor Palio 1.0', 2, 220, 'PE'),
(18, 7, 8, 'Silencioso Traseiro Palio', 1, 520, 'AP'),
(12, 4, 19, 'Friso Lateral Onix', 4, 360, 'AP'),
(30, 8, 46, 'Volante Esportivo Universal', 1, 420, 'CA'),
(23, 1, 2, 'Amortecedor Dianteiro Fiat Argo', 2, 700, 'AP'),
(5, 3, 11, 'Caixa de Direção Hidráulica Corsa', 1, 1100, 'PE'),
(17, 9, 41, 'Escova Limpa Vidro Universal', 3, 75, 'AP'),
(4, 6, 18, 'Kit Painel Interno Sandero', 1, 2000, 'AP'),
(13, 7, 50, 'Cinto de Segurança Universal', 2, 190, 'AP'),
(10, 1, 40, 'Carregador Inteligente de Bateria', 1, 180, 'AP'),
(26, 4, 29, 'Jogo de Juntas Motor AP', 1, 250, 'PE'),
(8, 2, 31, 'Lanterna Traseira Strada', 2, 520, 'AP'),
(21, 5, 42, 'Mangueira Arrefecimento Gol G4', 4, 220, 'AP'),
(6, 3, 16, 'Vidro Dianteiro Prisma', 1, 1400, 'AP'),
(27, 7, 30, 'Farol Milha Sandero', 2, 440, 'CA'),
(14, 6, 4, 'Kit Embreagem Gol G5 1.6', 1, 780, 'AP'),
(2, 8, 36, 'Amortecedor Traseiro Onix', 3, 990, 'PE'),
(29, 10, 47, 'Tapete Automotivo Premium', 1, 110, 'AP'),
(19, 4, 43, 'Grade Dianteira HB20', 1, 280, 'AP'),
(11, 3, 20, 'Sensor de Ré Universal', 2, 140, 'AP'),
(25, 2, 6, 'Radiador de Água Uno Mille', 1, 410, 'AP'),
(16, 5, 32, 'Painel Completo Fox', 1, 2500, 'PE'),
(7, 9, 28, 'Cilindro Mestre Embreagem Saveiro', 2, 360, 'AP'),
(30, 8, 10, 'Farol Dianteiro LED HB20', 1, 760, 'AP'),
(3, 7, 14, 'Óleo 5W30 Sintético 1L', 4, 220, 'AP'),
(26, 6, 3, 'Pastilha de Freio Cerâmica Honda Civic', 2, 380, 'AP'),
(24, 4, 25, 'Sensor ABS Traseiro Fox', 3, 255, 'CA'),
(15, 3, 39, 'Kit Motor 1.6 Bloco + Pistões', 1, 3500, 'AP'),
(10, 1, 21, 'Jogo de Chaves Mecânicas 24pçs', 1, 150, 'AP'),
(28, 10, 44, 'Parachoque Dianteiro Palio', 1, 650, 'PE'),
(9, 8, 1, 'Kit Junta do Motor Completo', 1, 890, 'AP'),
(12, 6, 37, 'Disco de Freio Ventilado Corolla', 2, 620, 'AP'),
(5, 2, 26, 'Kit Câmbio Automático Fiesta', 1, 3400, 'CA'),
(20, 9, 23, 'Compressor de Ar-Condicionado Civic', 1, 1600, 'AP'),
(22, 3, 7, 'Bobina de Ignição Onix 1.0', 1, 260, 'AP'),
(4, 4, 35, 'Radiador Arrefecimento Focus', 1, 950, 'AP'),
(27, 8, 17, 'Para-lama Dianteiro Gol G6', 2, 700, 'PE'),
(14, 1, 12, 'Filtro de Ar Corolla 2.0', 3, 150, 'AP'),
(8, 5, 48, 'Engate Reboque Strada', 1, 680, 'AP'),
(21, 7, 5, 'Cabo de Embreagem Corolla', 1, 120, 'AP'),
(2, 2, 33, 'Módulo de Airbag Onix', 1, 980, 'PE'),
(13, 6, 11, 'Caixa de Direção Hidráulica Corsa', 1, 1100, 'AP');



INSERT INTO PAYMENTS (ID_ORDER, ID_CUSTOMER, AMOUNT, STATUS) VALUES
(1,1, 250.90, 'AP'),
(2,2, 1300.00, 'PE'),
(3,3, 89.99, 'AP'),
(4,4, 450.50, 'AP'),
(5,5, 3999.00, 'AP'),
(6,6, 210.40, 'PE'),
(7,7, 178.75, 'AP'),
(8,8, 987.10, 'CA'),
(9,9, 63.80, 'AP'),
(10,10, 750.00, 'AP'),
(11,11, 1800.99, 'AP'),
(12,12, 320.50, 'PE'),
(13,13, 29.99, 'AP'),
(14,14, 115.00, 'CA'),
(15,15, 490.60, 'AP'),
(16,16, 2400.00, 'AP'),
(17,17, 58.30, 'AP'),
(18,18, 820.00, 'PE'),
(19,19, 149.90, 'AP'),
(20,20, 3300.00, 'AP'),
(21,21, 44.99, 'AP'),
(22,22, 978.88, 'PE'),
(23,23, 65.00, 'AP'),
(24,24, 399.99, 'AP'),
(25,25, 2740.00, 'AP'),
(26,26, 140.40, 'CA'),
(27,27, 310.50, 'AP'),
(28,28, 154.99, 'AP'),
(29,29, 1750.00, 'AP'),
(30,30, 85.30, 'PE'),
(31,31, 3980.00, 'AP'),
(32,32, 47.90, 'AP'),
(33,33, 1299.99, 'AP'),
(34,34, 330.75, 'CA'),
(35,35, 79.00, 'AP'),
(36,36, 288.90, 'AP'),
(37,37, 640.00, 'PE'),
(38,38,222.50, 'AP'),
(39,39, 3480.00, 'AP'),
(40,40, 112.40, 'AP');
